{"_wandb":{"runtime":23},"charts/approx_kl":0.006500936113297939,"charts/learning_rate":0.0003,"_timestamp":1.7523482280039396e+09,"_runtime":21.164924003,"_step":4095,"losses/value_loss":0.0734530812362209}