{"losses/policy_loss":-5.587935447692871e-09,"gradients/critic_norm_fc2.weight":0.0525321327149868,"gradients/actor_norm_fc2.weight":0.48518306016921997,"gradients/actor_total_norm":1.0383614938214856,"charts/advantages_mean":1.3969838619232178e-09,"gradients/actor_norm_mu.weight":0.2755680978298187,"gradients/actor_norm_sigma":0.1724335104227066,"_wandb":{"runtime":176},"_timestamp":1.7524233276976817e+09,"losses/total_loss":-0.05324792116880417,"_runtime":176.773753493,"charts/returns_mean":1.0625425577163696,"losses/value_loss":0.02883782982826233,"charts/approx_kl":-1.3969838619232178e-09,"gradients/critic_norm_fc2.bias":0.016819531098008156,"gradients/actor_norm_fc3.bias":0.10770346969366074,"gradients/critic_total_norm":0.6355993462489182,"gradients/actor_norm_fc1.bias":0.1418575793504715,"gradients/critic_norm_fc3.weight":0.18058425188064575,"gradients/critic_norm_value.weight":0.5983665585517883,"gradients/actor_norm_fc2.bias":0.10851544141769409,"gradients/actor_norm_mu.bias":0.13687075674533844,"gradients/critic_norm_value.bias":0.07592335343360901,"gradients/critic_norm_fc1.bias":0.034299422055482864,"losses/entropy":8.208574295043945,"charts/advantages_std":0.9990534782409668,"gradients/actor_norm_fc3.weight":0.6587927341461182,"charts/episodic_return":0.016201630234718323,"gradients/critic_norm_fc1.weight":0.05231192335486412,"gradients/actor_norm_fc1.weight":0.4907954931259155,"gradients/critic_norm_fc3.bias":0.02476799674332142,"charts/learning_rate":0,"_step":28802}